Date,Name,Year,Letterboxd URI,Rating
2022-10-26,Star Wars: Episode III - Revenge of the Sith,2005,https://boxd.it/27US,3
2022-10-26,Apocalypse Now,1979,https://boxd.it/6ZS,3.5
2022-10-26,World of Tomorrow Episode Three: The Absent Destinations of David Prime,2020,https://boxd.it/rmsk,4
2022-10-26,Superbabies: Baby Geniuses 2,2004,https://boxd.it/1jOA,0.5
2022-10-26,Mamaboy,2016,https://boxd.it/dy3S,1.5
2022-10-26,Little Italy,2018,https://boxd.it/j1w0,1.5
2022-10-26,Strange Magic,2015,https://boxd.it/9CL2,2.5
2022-10-26,Everything Everywhere All at Once,2022,https://boxd.it/jUk4,4.5
2022-10-26,Come and See,1985,https://boxd.it/1w9q,3.5
2022-10-26,One Flew Over the Cuckoo's Nest,1975,https://boxd.it/2aeA,3
2022-10-26,Blade Runner,1982,https://boxd.it/2bcA,2.5
2022-10-26,The Map of Tiny Perfect Things,2021,https://boxd.it/p3O8,4
2022-10-26,Flubber,1997,https://boxd.it/1YkQ,1.5
2022-10-26,Brave New World,1998,https://boxd.it/1scq,1
2022-10-26,Star Wars: The Last Jedi,2017,https://boxd.it/5xme,2
2022-10-26,Jaws,1975,https://boxd.it/2a5e,2.5
2022-10-26,The Kissing Booth,2018,https://boxd.it/geR0,1
2022-10-26,Rain Man,1988,https://boxd.it/2avw,2.5
2022-10-26,A Clockwork Orange,1971,https://boxd.it/2aVE,3
2022-10-26,Mulholland Drive,2001,https://boxd.it/297o,4.5
2022-10-26,Breakthrough,2019,https://boxd.it/iD0Y,1.5
2022-10-26,Return of the Jedi,1983,https://boxd.it/27Vm,2.5
2022-10-26,Interstellar,2014,https://boxd.it/4VZ8,2.5
2022-10-26,World of Tomorrow,2015,https://boxd.it/9Gr6,3.5
2022-10-26,The Star Wars Holiday Special,1978,https://boxd.it/2yMw,2
2022-10-26,The Angry Birds Movie 2,2019,https://boxd.it/gdL6,2.5
2022-10-26,Star Wars: The Force Awakens,2015,https://boxd.it/4vru,2
2022-10-26,Eighth Grade,2018,https://boxd.it/hDMG,4.5
2022-10-26,Gooby,2009,https://boxd.it/1C8S,1.5
2022-10-26,The Angry Birds Movie,2016,https://boxd.it/4PBu,2.5
2022-10-26,Bo Burnham: Inside,2021,https://boxd.it/v2uy,4
2022-10-26,Mirror,1975,https://boxd.it/28Q8,3.5
2022-10-26,School of Rock,2003,https://boxd.it/28xK,2.5
2022-10-26,Big Baby,2015,https://boxd.it/hqHe,1
2022-10-26,Inception,2010,https://boxd.it/1skk,3
2022-10-26,Inside Out,2015,https://boxd.it/4KHC,3
2022-10-26,The Shawshank Redemption,1994,https://boxd.it/2aHi,3
2022-10-26,Cube 2: Hypercube,2002,https://boxd.it/2anW,1.5
2022-10-26,Pulp Fiction,1994,https://boxd.it/29Pq,4.5
2022-10-26,Stand by Me,1986,https://boxd.it/2aOe,3.5
2022-10-26,Everything Will Be OK,2006,https://boxd.it/1h0y,4
2022-10-26,Persona,1966,https://boxd.it/29B4,5
2022-10-26,"Synecdoche, New York",2008,https://boxd.it/23zw,5
2022-10-26,Bo Burnham: Make Happy,2016,https://boxd.it/e436,4
2022-10-26,Dead Man's Letters,1986,https://boxd.it/2wKy,4
2022-10-26,I Am So Proud of You,2008,https://boxd.it/1h0e,4
2022-10-26,Bo Burnham: What.,2013,https://boxd.it/7au4,3.5
2022-10-26,World of Tomorrow Episode Two: The Burden of Other People's Thoughts,2017,https://boxd.it/gU8m,3.5
2022-10-26,Children of Men,2006,https://boxd.it/1Y2i,2.5
2022-10-26,Close Encounters of the Third Kind,1977,https://boxd.it/29u8,2.5
2022-10-26,Nineteen Eighty-Four,1984,https://boxd.it/1YZE,3
2022-10-26,Upstream Color,2013,https://boxd.it/4Cwc,4
2022-10-26,Bad Times at the El Royale,2018,https://boxd.it/fSA2,3.5
2022-10-26,Bo Burnham: The Inside Outtakes,2022,https://boxd.it/C0h2,3.5
2022-10-26,The Perks of Being a Wallflower,2012,https://boxd.it/2ZA8,3
2022-10-26,West Side Story,1961,https://boxd.it/28dK,2
2022-10-26,The Fifth Element,1997,https://boxd.it/71k,2.5
2022-10-26,C Me Dance,2009,https://boxd.it/5qBQ,1.5
2022-10-26,2001: A Space Odyssey,1968,https://boxd.it/2bf0,5
2022-10-26,Spider-Man,2002,https://boxd.it/2a8i,3
2022-10-26,Falsettos,2017,https://boxd.it/mvaY,2
2022-10-26,A Dog's Will,2000,https://boxd.it/12u4,4
2022-10-26,Saturday Night Fever,1977,https://boxd.it/1URQ,0.5
2022-10-26,The Holy Mountain,1973,https://boxd.it/20mu,4.5
2022-10-26,It's Such a Beautiful Day,2012,https://boxd.it/hCY2,5
2022-10-26,Stalker,1979,https://boxd.it/28PO,3.5
2022-10-26,Promising Young Woman,2020,https://boxd.it/loRE,3.5
2022-10-26,Back to the Future,1985,https://boxd.it/2b8e,2.5
2022-10-26,Back to the Future Part II,1989,https://boxd.it/2aYI,3
2022-10-26,Morbius,2022,https://boxd.it/j978,2.5
2022-10-26,Angel's Egg,1985,https://boxd.it/1LeA,3.5
2022-10-26,"Bo Burnham: Words, Words, Words",2010,https://boxd.it/JA8,2.5
2022-10-26,Swiped,2018,https://boxd.it/juNE,1.5
2022-10-26,He's All That,2021,https://boxd.it/bFbA,2
2022-10-26,Standing Ovation,2010,https://boxd.it/rwi,1.5
2022-10-26,Baby Geniuses,1999,https://boxd.it/1AIO,1
2022-10-26,Ex Machina,2014,https://boxd.it/7T2k,2.5
2022-10-26,Money Plane,2020,https://boxd.it/pY8I,1
2022-10-26,Star Wars: The Rise of Skywalker,2019,https://boxd.it/5xlK,1
2022-10-26,Star Wars: The Clone Wars,2008,https://boxd.it/1Sly,2
2022-10-26,Mac and Me,1988,https://boxd.it/1DTq,1.5
2022-10-26,Rocky,1976,https://boxd.it/28Uk,2.5
2022-10-26,Solo: A Star Wars Story,2018,https://boxd.it/bGWs,2
2022-10-26,Rogue One: A Star Wars Story,2016,https://boxd.it/aPvy,2
2022-10-26,The Little Prince,2015,https://boxd.it/9WbS,3.5
2022-10-26,Weird Science,1985,https://boxd.it/1T1O,1.5
2022-10-26,Brazil,1985,https://boxd.it/2be2,4.5
2022-10-26,Star Wars,1977,https://boxd.it/72s,3
2022-10-26,Taxi Driver,1976,https://boxd.it/2b8y,4.5
2022-10-26,Willy Wonka & the Chocolate Factory,1971,https://boxd.it/2aLu,3
2022-10-26,Charlie and the Chocolate Factory,2005,https://boxd.it/2b68,3
2022-10-26,Star Wars: Episode II - Attack of the Clones,2002,https://boxd.it/27V2,3
2022-10-26,Star Wars: Episode I - The Phantom Menace,1999,https://boxd.it/27Vc,3
2022-10-26,The Empire Strikes Back,1980,https://boxd.it/27Vw,3
2022-10-26,Capybara Walking,1887,https://boxd.it/x5XM,3
2022-10-26,Back to the Future Part III,1990,https://boxd.it/2aTS,2
2022-10-26,The Vast of Night,2019,https://boxd.it/kJyc,2
2022-10-26,The Lord of the Rings: The Two Towers,2002,https://boxd.it/2b5E,2
2022-10-26,The Lord of the Rings: The Fellowship of the Ring,2001,https://boxd.it/2b5O,2
2022-10-26,The Lord of the Rings: The Return of the King,2003,https://boxd.it/2b5u,2.5
2022-10-26,The Godfather,1972,https://boxd.it/2aNK,2
2022-10-26,Her,2013,https://boxd.it/4O24,5
2022-10-26,Satantango,1994,https://boxd.it/1j9M,4
2022-10-26,Death of a Salesman,1985,https://boxd.it/1Rzu,3
2022-10-26,Dear Evan Hansen,2021,https://boxd.it/kOP8,0.5
2022-10-26,2025: The World Enslaved by a Virus,2021,https://boxd.it/uwqu,0.5
2022-10-26,Dancing Ninja,2010,https://boxd.it/8vXo,1
2022-10-26,Kindergarten Cop,1990,https://boxd.it/29dm,3
2022-10-26,It's Such a Beautiful Day,2011,https://boxd.it/34dy,4.5
2022-10-26,Eternal Sunshine of the Spotless Mind,2004,https://boxd.it/6YK,5
2022-10-27,Parasite,2019,https://boxd.it/hTha,5
2022-10-28,Ally & Obie,2018,https://boxd.it/so0Y,1
2022-10-28,Big Fat Liar,2002,https://boxd.it/1STg,2.5
2022-10-28,Age Out,2018,https://boxd.it/ewBq,2.5
2022-10-28,Cube,1997,https://boxd.it/2aoU,3
2022-10-28,Cube Zero,2004,https://boxd.it/2anM,2
2022-10-29,The Truman Show,1998,https://boxd.it/18U8,3
