Date,Name,Year,Letterboxd URI
2022-10-22,Double Daddy,2015,https://boxd.it/bxP8
2022-10-22,iBoy,2017,https://boxd.it/eBQq
2022-10-22,Time Freak,2018,https://boxd.it/g77a
2022-10-22,Division 19,2017,https://boxd.it/hNKK
2022-10-22,Time Toys,2016,https://boxd.it/fT1s
2022-10-22,Daddy Can't Dance,2012,https://boxd.it/62LO
2022-10-22,Invisible Sue,2016,https://boxd.it/loqo
2022-10-22,In Time,2011,https://boxd.it/FPS
2022-10-22,Mr. Moll and the Chocolate Factory,2017,https://boxd.it/hSZq
2022-10-22,Big Time Movie,2012,https://boxd.it/3k8u
2022-10-22,Adventureland,2009,https://boxd.it/1JTQ
2022-10-22,Vanilla Sky,2001,https://boxd.it/27TK
2022-10-22,Megalopolis,,https://boxd.it/lPBS
2022-10-22,Wonka,2023,https://boxd.it/tCQm
2022-10-22,The World Famous Kid Detective,2013,https://boxd.it/8eZW
2022-10-22,I'm Thinking of Ending Things,2020,https://boxd.it/i4IQ
2022-10-22,The House That Jack Built,2018,https://boxd.it/dWO4
2022-10-22,Licorice Pizza,2021,https://boxd.it/qTKY
2022-10-22,Coherence,2013,https://boxd.it/6xza
2022-10-22,Enter the Void,2009,https://boxd.it/1dy2
2022-10-22,Palm Springs,2020,https://boxd.it/lCXQ
2022-10-22,Midsommar,2019,https://boxd.it/jhxe
2022-10-22,Little Shop of Horrors,1986,https://boxd.it/1Vqm
2022-10-22,Once Upon a Time… in Hollywood,2019,https://boxd.it/gH0O
2022-10-22,Blue Valentine,2010,https://boxd.it/MxG
2022-10-22,Nope,2022,https://boxd.it/sDCe
2022-10-22,Call Me by Your Name,2017,https://boxd.it/dYmm
2022-10-22,American Psycho,2000,https://boxd.it/28Vs
2022-10-22,Scott Pilgrim vs. the World,2010,https://boxd.it/1Aq6
2022-10-22,Good Time,2017,https://boxd.it/fcFu
2022-10-22,After Exile,,https://boxd.it/n2Q4
2022-10-22,La La Land,2016,https://boxd.it/a5fa
2022-10-22,Requiem for a Dream,2000,https://boxd.it/29VI
2022-10-22,Solaris,1972,https://boxd.it/2a2Y
2022-10-22,The Matrix,1999,https://boxd.it/2a1m
2022-10-22,Dr. Strangelove or: How I Learned to Stop Worrying and Love the Bomb,1964,https://boxd.it/29eY
2022-10-22,Landscape in the Mist,1988,https://boxd.it/JRy
2022-10-22,Fight Club,1999,https://boxd.it/2a9q
2022-10-22,Whiplash,2014,https://boxd.it/7bQA
2022-10-28,The Silence of the Lambs,1991,https://boxd.it/2aHW
2022-10-28,Booksmart,2019,https://boxd.it/igNS
