Date,Name,Year,Letterboxd URI
2022-08-01,2001: A Space Odyssey,1968,https://boxd.it/2bf0
2022-08-01,Brazil,1985,https://boxd.it/2be2
2022-08-01,Stalker,1979,https://boxd.it/28PO
2022-08-01,Angel's Egg,1985,https://boxd.it/1LeA
2022-08-01,Upstream Color,2013,https://boxd.it/4Cwc
2022-08-01,Mirror,1975,https://boxd.it/28Q8
2022-08-01,"Synecdoche, New York",2008,https://boxd.it/23zw
2022-08-01,Cube,1997,https://boxd.it/2aoU
2022-08-01,Cube 2: Hypercube,2002,https://boxd.it/2anW
2022-08-01,Satantango,1994,https://boxd.it/1j9M
2022-08-01,Eighth Grade,2018,https://boxd.it/hDMG
2022-08-01,Bad Times at the El Royale,2018,https://boxd.it/fSA2
2022-08-01,Pulp Fiction,1994,https://boxd.it/29Pq
2022-08-01,Stand by Me,1986,https://boxd.it/2aOe
2022-08-01,Jaws,1975,https://boxd.it/2a5e
2022-08-01,Saturday Night Fever,1977,https://boxd.it/1URQ
2022-08-01,The Holy Mountain,1973,https://boxd.it/20mu
2022-08-01,The Angry Birds Movie,2016,https://boxd.it/4PBu
2022-08-01,The Angry Birds Movie 2,2019,https://boxd.it/gdL6
2022-08-01,Her,2013,https://boxd.it/4O24
2022-08-01,The Shawshank Redemption,1994,https://boxd.it/2aHi
2022-08-01,Rocky,1976,https://boxd.it/28Uk
2022-08-01,West Side Story,1961,https://boxd.it/28dK
2022-08-01,Death of a Salesman,1985,https://boxd.it/1Rzu
2022-08-01,Persona,1966,https://boxd.it/29B4
2022-08-01,Interstellar,2014,https://boxd.it/4VZ8
2022-08-01,One Flew Over the Cuckoo's Nest,1975,https://boxd.it/2aeA
2022-08-01,A Clockwork Orange,1971,https://boxd.it/2aVE
2022-08-01,Come and See,1985,https://boxd.it/1w9q
2022-08-01,Breakthrough,2019,https://boxd.it/iD0Y
2022-08-01,Rain Man,1988,https://boxd.it/2avw
2022-08-01,Strange Magic,2015,https://boxd.it/9CL2
2022-08-01,Eternal Sunshine of the Spotless Mind,2004,https://boxd.it/6YK
2022-08-01,A Dog's Will,2000,https://boxd.it/12u4
2022-08-01,Nineteen Eighty-Four,1984,https://boxd.it/1YZE
2022-08-01,Children of Men,2006,https://boxd.it/1Y2i
2022-08-01,Close Encounters of the Third Kind,1977,https://boxd.it/29u8
2022-08-01,Ex Machina,2014,https://boxd.it/7T2k
2022-08-01,The Fifth Element,1997,https://boxd.it/71k
2022-08-01,Blade Runner,1982,https://boxd.it/2bcA
2022-08-01,Brave New World,1998,https://boxd.it/1scq
2022-08-01,The Godfather,1972,https://boxd.it/2aNK
2022-08-01,C Me Dance,2009,https://boxd.it/5qBQ
2022-08-01,Little Italy,2018,https://boxd.it/j1w0
2022-08-01,Money Plane,2020,https://boxd.it/pY8I
2022-08-01,Mamaboy,2016,https://boxd.it/dy3S
2022-08-01,Weird Science,1985,https://boxd.it/1T1O
2022-08-01,Gooby,2009,https://boxd.it/1C8S
2022-08-01,Swiped,2018,https://boxd.it/juNE
2022-08-01,Standing Ovation,2010,https://boxd.it/rwi
2022-08-01,Mac and Me,1988,https://boxd.it/1DTq
2022-08-01,Flubber,1997,https://boxd.it/1YkQ
2022-08-01,It's Such a Beautiful Day,2012,https://boxd.it/hCY2
2022-08-01,Everything Will Be OK,2006,https://boxd.it/1h0y
2022-08-01,I Am So Proud of You,2008,https://boxd.it/1h0e
2022-08-01,It's Such a Beautiful Day,2011,https://boxd.it/34dy
2022-08-01,Apocalypse Now,1979,https://boxd.it/6ZS
2022-08-01,The Map of Tiny Perfect Things,2021,https://boxd.it/p3O8
2022-08-01,Bo Burnham: Make Happy,2016,https://boxd.it/e436
2022-08-01,Bo Burnham: What.,2013,https://boxd.it/7au4
2022-08-01,Bo Burnham: Inside,2021,https://boxd.it/v2uy
2022-08-01,Capybara Walking,1887,https://boxd.it/x5XM
2022-08-01,The Vast of Night,2019,https://boxd.it/kJyc
2022-08-01,School of Rock,2003,https://boxd.it/28xK
2022-08-01,2025: The World Enslaved by a Virus,2021,https://boxd.it/uwqu
2022-08-01,Morbius,2022,https://boxd.it/j978
2022-08-01,Spider-Man,2002,https://boxd.it/2a8i
2022-08-01,Inside Out,2015,https://boxd.it/4KHC
2022-08-01,He's All That,2021,https://boxd.it/bFbA
2022-08-08,Everything Everywhere All at Once,2022,https://boxd.it/jUk4
2022-08-12,Bo Burnham: The Inside Outtakes,2022,https://boxd.it/C0h2
2022-08-14,World of Tomorrow,2015,https://boxd.it/9Gr6
2022-08-14,World of Tomorrow Episode Two: The Burden of Other People's Thoughts,2017,https://boxd.it/gU8m
2022-08-22,Charlie and the Chocolate Factory,2005,https://boxd.it/2b68
2022-08-22,Dear Evan Hansen,2021,https://boxd.it/kOP8
2022-08-22,Willy Wonka & the Chocolate Factory,1971,https://boxd.it/2aLu
2022-08-28,The Perks of Being a Wallflower,2012,https://boxd.it/2ZA8
2022-08-29,The Kissing Booth,2018,https://boxd.it/geR0
2022-08-29,The Lord of the Rings: The Fellowship of the Ring,2001,https://boxd.it/2b5O
2022-08-29,Back to the Future,1985,https://boxd.it/2b8e
2022-08-29,Inception,2010,https://boxd.it/1skk
2022-08-29,The Lord of the Rings: The Return of the King,2003,https://boxd.it/2b5u
2022-08-29,The Empire Strikes Back,1980,https://boxd.it/27Vw
2022-08-29,The Lord of the Rings: The Two Towers,2002,https://boxd.it/2b5E
2022-08-29,Superbabies: Baby Geniuses 2,2004,https://boxd.it/1jOA
2022-08-29,Baby Geniuses,1999,https://boxd.it/1AIO
2022-09-12,Promising Young Woman,2020,https://boxd.it/loRE
2022-09-13,Star Wars: Episode I - The Phantom Menace,1999,https://boxd.it/27Vc
2022-09-13,Star Wars: Episode II - Attack of the Clones,2002,https://boxd.it/27V2
2022-09-13,Star Wars: Episode III - Revenge of the Sith,2005,https://boxd.it/27US
2022-09-13,Solo: A Star Wars Story,2018,https://boxd.it/bGWs
2022-09-13,Rogue One: A Star Wars Story,2016,https://boxd.it/aPvy
2022-09-13,Star Wars,1977,https://boxd.it/72s
2022-09-13,Return of the Jedi,1983,https://boxd.it/27Vm
2022-09-13,Star Wars: The Force Awakens,2015,https://boxd.it/4vru
2022-09-13,Star Wars: The Last Jedi,2017,https://boxd.it/5xme
2022-09-13,Star Wars: The Rise of Skywalker,2019,https://boxd.it/5xlK
2022-09-20,"Bo Burnham: Words, Words, Words",2010,https://boxd.it/JA8
2022-09-27,Star Wars: The Clone Wars,2008,https://boxd.it/1Sly
2022-10-01,The Star Wars Holiday Special,1978,https://boxd.it/2yMw
2022-10-02,The Little Prince,2015,https://boxd.it/9WbS
2022-10-02,Falsettos,2017,https://boxd.it/mvaY
2022-10-08,Big Baby,2015,https://boxd.it/hqHe
2022-10-22,Dead Man's Letters,1986,https://boxd.it/2wKy
2022-10-25,Taxi Driver,1976,https://boxd.it/2b8y
2022-10-26,World of Tomorrow Episode Three: The Absent Destinations of David Prime,2020,https://boxd.it/rmsk
2022-10-26,Mulholland Drive,2001,https://boxd.it/297o
2022-10-26,Dancing Ninja,2010,https://boxd.it/8vXo
2022-10-26,Back to the Future Part II,1989,https://boxd.it/2aYI
2022-10-26,Back to the Future Part III,1990,https://boxd.it/2aTS
2022-10-26,Kindergarten Cop,1990,https://boxd.it/29dm
2022-10-27,Parasite,2019,https://boxd.it/hTha
2022-10-28,Ally & Obie,2018,https://boxd.it/so0Y
2022-10-28,Big Fat Liar,2002,https://boxd.it/1STg
2022-10-28,Age Out,2018,https://boxd.it/ewBq
2022-10-28,Cube Zero,2004,https://boxd.it/2anM
2022-10-29,The Truman Show,1998,https://boxd.it/18U8
